"id_orador";"apellido";"nombre";"mail";"tema";"fecha_alta"
1;"Gonzalez";"Pedro";"pedro.gonzalez@gmail.com";"Tema 1";"2023-11-19"
2;"Perez";"Jose";"jose.perez@gmail.com";"Tema 2";"2023-11-19"
3;"Lopez";"Marta";"marta.lopez@gmail.com";"Tema 3";"2023-11-19"
4;"García";"Mercedes";"mercedes.garcia@gmail.com";"Tema 4";"2023-11-19"
5;"Martinez";"Mirta";"mirta.martinez@gmail.com";"Tema 5";"2023-11-19"
6;"Fernandez";"Marcelo";"marcelo.fernandez@gmail.com";"Tema 6";"2023-11-19"
7;"Correa";"Federico";"federico.correa@gmail.com";"Tema 7";"2023-11-19"
8;"Cruz";"Paula";"paula.cruz@gmail.com";"Tema 8";"2023-11-19"
9;"Blanco";"Carla";"carla.blanco@gmail.com";"Tema 9";"2023-11-19"
10;"Morales";"Gonzalo";"gonzalo.morales@gmail.com";"Tema 10";"2023-11-19"
